{
  "h1": {
    "correlation": 0.47727624591866846,
    "p_value": 1.989649819356231e-33,
    "median_diff": 0.3059489943542122,
    "p_mann_whitney": 3.5361155461781765e-29,
    "cohens_d": 1.0252318037719805,
    "significant": true
  },
  "h2": {
    "correlation": -0.4672970961809424,
    "p_value": 6.143968174898576e-32,
    "significant": true
  },
  "h3": {
    "correlation": 0.22584869013557882,
    "p_value": 5.896308908976499e-08,
    "significant": false
  },
  "h4": {
    "h_statistic": 182.88402343620885,
    "p_value": 1.937487443901516e-40,
    "field_stats": {
      "book_heavy": {
        "n": 186,
        "median": 0.32647058823529407,
        "mean": 0.3751801545466058,
        "std": 0.21992250667167337
      },
      "mixed": {
        "n": 204,
        "median": 0.40467369620974636,
        "mean": 0.42971531101842925,
        "std": 0.2053451596066681
      },
      "journal_heavy": {
        "n": 174,
        "median": 0.761634199134199,
        "mean": 0.7289079961465361,
        "std": 0.21741392548889976
      }
    },
    "significant": true
  },
  "multivariate": {
    "r_squared": 0.3900116956860018,
    "coefficients": {
      "elsevier_pct": 0.0037582555990655023,
      "books_pct": -0.0023074714684392025,
      "oa_publisher_pct": 0.0023729886864247898,
      "is_book_heavy": -0.2365773737391622,
      "is_mixed": -0.20379074263660124
    },
    "intercept": 0.6576166978944394
  }
}