{
  "h1": {
    "correlation": 0.5629464305672036,
    "p_value": 2.5709062378899114e-31,
    "median_diff": 0.27609282245008104,
    "p_mann_whitney": 3.269426405681181e-21,
    "cohens_d": 1.170817770954147,
    "significant": true
  },
  "h2": {
    "correlation": -0.5050878605824496,
    "p_value": 1.4160640504615075e-24,
    "significant": true
  },
  "h3": {
    "correlation": 0.250362465657246,
    "p_value": 1.609580492171128e-06,
    "significant": false
  },
  "h4": {
    "h_statistic": 131.11175245513587,
    "p_value": 3.3841117669578435e-29,
    "field_stats": {
      "book_heavy": {
        "n": 117,
        "median": 0.3129770992366412,
        "mean": 0.3339883092955423,
        "std": 0.1761064776484933
      },
      "mixed": {
        "n": 135,
        "median": 0.3625,
        "mean": 0.40105429750087507,
        "std": 0.19480436117524005
      },
      "journal_heavy": {
        "n": 106,
        "median": 0.7117991195551436,
        "mean": 0.7192974692935421,
        "std": 0.24412787447468792
      }
    },
    "significant": true
  },
  "multivariate": {
    "r_squared": 0.4475892465330731,
    "coefficients": {
      "elsevier_pct": 0.005397056805429399,
      "books_pct": -0.0018277532986735838,
      "oa_publisher_pct": 0.005986837172749116,
      "is_book_heavy": -0.2388765057220573,
      "is_mixed": -0.19228611662928252
    },
    "intercept": 0.6016752877321887
  }
}