hypothesis,median,mean,sd,ci_95_lower,ci_95_upper,ci_89_lower,ci_89_upper,pd,rope_pct,prob_expected_direction,effect_size_category
H1: Elsevier Effect,0.15573646377784361,0.15589051059190678,0.03843136478366327,0.08062170361256521,0.23098292043048316,0.09438519985165433,0.217651478179823,1,7.3,1,negligible
H2: Book Effect,-0.0810700802759031,-0.08123690513840172,0.041933067613459024,-0.16423212341734814,-1.3993716679036612e-5,-0.1486557224472368,-0.014277886410789684,0.975,67.55,0.975,negligible
H3: OA Effect,0.011295587526076036,0.011053950364837832,0.032388258262594054,-0.05337530550673002,0.07385406512156353,-0.04078777629450281,0.06252782848953296,0.6360833333333333,99.68333333333334,NA,negligible
H4a: Book-heavy vs Journal-heavy,-0.9674997971594731,-0.9679930937335145,0.10418136978832687,-1.1729628811557877,-0.7627916094827871,-1.1358207298160719,-0.8006703961587582,1,0,1,large
H4b: Mixed vs Journal-heavy,-0.7541672411790296,-0.7535965531950406,0.09207022895423642,-0.9335623532264881,-0.5729313940976892,-0.8995196055256885,-0.6079219292734589,1,0,1,medium
H4c: Book-heavy vs Mixed,-0.21431779078191443,-0.21439654053847387,0.07933550484323801,-0.3699074497857905,-0.05986309568723236,-0.3398348255735639,-0.08722044885279745,0.9961666666666666,7.616666666666666,0.9961666666666666,small
