component,sd_estimate,variance
field_intercept,0.5455569234817117,0.2976323567588302
field_slope,0.2553873652120563,0.06522270630995622
