analysis,statistic,p_value
Global rank vs coverage,-0.29683573015238274,3.975754213118631e-09
Field rank vs coverage,0.36537973695347975,2.2101361102885996e-13
Top quartile median,54.75206611570248,
Bottom quartile median,29.20353982300885,
Quartile difference,25.548526292693634,
